Kod METEO,Nazwa stacji,longitude,latitude
93460,STARY BRZEŚĆ,18.91361111,52.61666667
91355,IZBICA,17.43861111,54.68333333
94168,STANKOWICE,15.31361111,51.01666667
92852,MOŃKI,22.79583333,53.40027778
92853,SOSNOWO,22.92555556,53.70027778
92740,OSTROŁĘKA,21.56361111,53.08361111
96641,WĘGLÓWKA,20.07444444,49.75027778
95584,ZĄBKOWICE,19.2625,50.38361111
94416,OSJAKÓW,18.78472222,51.28361111
93154,ROKITNO,15.64055556,52.55027778
94751,SARNÓWEK DUŻY,21.44416667,51.01722222
96547,SZCZYRK,18.99916667,49.70055556
91651,BORNITY,20.05083333,54.18416667
93663,WARSZAWA-CZAJKA,20.96138889,52.35083333
94354,SOBÓTKA II,17.85861111,51.78416667
93368,LUBONIEC,17.20194444,52.1675
95254,KAMIENNA GÓRA,16.03777778,50.7675
95131,WYSZKÓW,14.99277778,50.9675
92559,BUCZYNIEC,19.58472222,53.96777778
94356,OSTRZESZÓW II,17.91555556,51.43444444
94224,STRUPINA,16.81888889,51.38472222
92854,BACZE SUCHE,22.11666667,53.06833333
98505,KOSZARAWA-ŻŁABNE,19.44583333,49.66833333
95365,GOŚCIEJOWICE,17.62305556,50.65166667
92259,KARSIBÓR II,16.39805556,53.35166667
96845,KAŃCZUGA,22.40722222,49.98527778
94743,GRABOWIEC,21.38527778,51.10194444
96660,MORSKIE OKO,20.07111111,49.20194444
6634,MORSKIE OKO,20.07111111,49.20194444
96596,ZUBRZYCA DOLNA,19.67972222,49.50194444
91455,GDYNIA DĄBROWA,18.44916667,54.46861111
94451,LISKÓW,18.41,51.83527778
96404,ISTEBNA-STECÓWKA,18.93833333,49.58527778
92935,DRAHLE,23.555,53.38555556
94458,ZAŁĘCZE WIELKIE,18.68527778,51.08555556
94455,KORZEKWIN,18.32638889,51.66888889
4106,ZGORZELEC,15.02638889,51.13555556
94140,STRASZÓW,14.99222222,51.51888889
5553,TROKS,19.63611111,50.3025
94557,CHAJCZYNY,19.1075,51.46916667
95362,DĄBRÓWKA GÓRNA,17.93027778,50.53583333
95360,PRUDNIK,17.57444444,50.3025
95664,DĄBROWA TARNOWSKA,20.99111111,50.18611111
93464,JEZIORKI,18.14611111,52.61944444
95352,LUBICZ,17.57361111,50.90277778
93153,SKWIERZYNA,15.50722222,52.60277778
92052,SZCZECIN-PODJUCHY,14.59305556,53.36944444
94898,RADZYŃ PODLASKI,22.60027778,51.76972222
94429,IWANOWICE,18.31583333,51.65305556
96599,KALWARIA ZEBRZYDOWSKA,19.68527778,49.87
92556,KULIGI,19.705,53.43666667
1351,BORUCINO,17.99111111,54.25333333
95337,PRZEWORNO,17.16833333,50.68666667
95289,PSZENNO-ZACISZE,16.53777778,50.85333333
94852,CZESŁAWICE,22.25472222,51.30361111
92755,MRĄGOWO,21.31027778,53.88694444
92558,BRUDNICE,19.86833333,53.07027778
94102,ŚWIECIE,15.27888889,51.00361111
95137,MIRSK,15.38333333,50.98694444
93659,PRZEDWOJEWO,20.65888889,52.92055556
93259,KOŚCIAN II,16.65277778,52.08722222
93260,PRZYJEZIERZE,14.37388889,52.87055556
92954,MIKASZÓWKA,23.395,53.8875
92754,DZBENIN,21.55222222,53.05416667
95583,WĄSOSZ,19.68583333,50.7375
93462,JAKSICE II,18.19972222,52.87083333
91253,SŁUPSK II,16.99777778,54.47083333
92260,WICEWO,16.12361111,53.8875
94169,MIEDZIANA,15.11638889,51.02083333
95001,SIENIAWKA,14.82944444,50.8875
94952,UHNIN,23.06805556,51.57111111
98501,LIPNICA WIELKA,19.54527778,49.53777778
94456,SKOMLIN,18.37333333,51.17111111
91357,NIESIOŁOWICE-RZEPISKA,17.84888889,54.20444444
92053,SIERAKOWO,14.50333333,53.50444444
95586,WOJKOWICE,19.0575,50.37138889
92750,GRĄDY PODMIEJSKIE,21.95027778,53.82166667
94721,PIONKI,21.4375,51.47166667
95764,BOGUSŁAWICE,21.41111111,50.83833333
93660,KAWĘCZYN,20.35,52.17166667
94452,KIEŁCZYGŁÓW,18.98361111,51.23833333
96455,ISTEBNA,18.89416667,49.57166667
96457,KICZYCE,18.79972222,49.82166667
91354,KLUKI,17.37111111,54.68833333
210,RESKO-SMÓLSKO,15.41472222,53.77166667
93855,PLATERÓW,22.82833333,52.30527778
95850,PILASZKOWICE,22.84361111,50.98861111
94744,BASINÓW,21.35444444,51.68861111
91619,SZCZURKOWO,20.90277778,54.35527778
91610,DŁUGOBÓR,19.99138889,54.22194444
93053,BIAŁCZYK,14.89916667,52.65527778
96856,BUKOWIEC,22.4125,49.30555556
95440,ROKITNICA,18.79833333,50.35555556
95283,KUDOWA-ZDRÓJ,16.20194444,50.43888889
92757,MIKOSZE,21.92166667,53.80583333
91530,ROGITY,19.86138889,54.38916667
6452,CIESZYN,18.60583333,49.7725
93465,MIEROGONIEWICE,18.33611111,52.8725
93131,SKWIERZYNA,15.48638889,52.58916667
94119,SIEKIERCZYN,15.19055556,51.10583333
92658,SĄTRZASKA,20.97555556,53.03944444
93665,LESZNO,20.58555556,52.25611111
94457,ZBIERSK II,18.11388889,51.95611111
94317,CHEŁSTÓW,17.49694444,51.33944444
93202,ŚWIĘTNO,16.05027778,52.00611111
5151,ŚWIERADÓW ZDRÓJ,15.32555556,50.90611111
96854,ŻUBRACZE,22.26861111,49.20638889
95216,OŁDRZYCHOWICE KŁODZKIE,16.73444444,50.35638889
94257,PYSZĄCA,16.67972222,51.25638889
93552,ZAMBRZYCA,19.62805556,52.99
96595,SOBLÓWKA,19.14555556,49.45666667
94256,ŹRÓDŁA,16.7225,51.15666667
93152,BABIMOST,15.79611111,52.14
95950,ZAMOŚĆ,23.25527778,50.70694444
92807,ZAWADY,22.67333333,53.15694444
95495,ORZECH,18.92472222,50.42361111
96415,WAPIENICA,18.97333333,49.77361111
94013,SANICE,14.97583333,51.40694444
94630,BIAŁOBRZEGI,20.95083333,51.65722222
94355,ŁANY,17.18222222,51.07388889
93208,TUREW,16.82972222,52.05722222
92054,SZCZECIN-POGODNO,14.53694444,53.45722222
95841,ZAKŁODZIE,22.86055556,50.7575
93666,KRASZEWO,20.56722222,52.79083333
92560,BRZUZE,19.26805556,53.0575
4404,SIERADZ-DZIGORZEW,18.70472222,51.62416667
94347,CHOCZ,17.87972222,51.97444444
93295,DRUŻYNA POZNAŃSKA,16.81777778,52.20777778
94856,SOBIESZYN,22.15083333,51.60805556
94705,STARACHOWICE,21.05333333,51.04138889
93143,TUCZNO,15.49416667,52.97472222
95361,RACŁAWICE ŚLĄSKIE,17.7775,50.30833333
92371,NOWA RUDNA,17.03722222,53.19166667
5352,KORFANTÓW II,17.61277778,50.475
92365,SMUKAŁA,17.96583333,53.19166667
5255,ŚNIEŻNIK,16.8325,50.20833333
93155,NĄDNIA,15.88361111,52.24166667
95665,OBLĘGOREK,20.49444444,50.95861111
95585,SIEMIANOWICE ŚLĄSKIE,19.02305556,50.32527778
94553,LUĆMIERZ,19.37111111,51.89194444
95227,NOWA RUDA-SŁUPIEC,16.53472222,50.54194444
95285,ŚWIERKI,16.41944444,50.62527778
95298,POLANICA-ZDRÓJ,16.51833333,50.42527778
93054,MACZKÓW,14.74416667,52.27527778
95737,SZYDŁÓW,21.0025,50.59222222
95341,STRZELIN,17.06611111,50.79222222
95543,PILICA,19.61166667,50.45916667
95223,BARDO ŚLĄSKIE,16.74444444,50.50916667
96454,WISŁA-JAWORNIK,18.83027778,49.65972222
2004,GOLENIÓW,14.89305556,53.59305556
93770,NIEGÓW,21.38861111,52.51
93551,OPIESIN,19.07388889,52.17666667
96569,WADOWICE,19.51277778,49.87666667
5254,SŁOSZÓW,16.37972222,50.41
95225,RZECZKA,16.4475,50.67666667
94110,GRYFÓW ŚLĄSKI,15.40944444,51.02666667
93157,ŁUGI,15.69555556,52.94361111
6632,HALA GĄSIENICOWA,20.00583333,49.24416667
5506,OLEWIN,19.6025,50.2775
92453,TLEŃ,18.26027778,53.61083333
94453,SEMPÓŁKI,18.81694444,51.94416667
95287,UNISŁAW ŚLĄSKI II,16.2325,50.71083333
94750,CELEJÓW,21.35694444,51.86111111
95612,DĄBROWA TARNOWSKA,20.99,50.17777778
92657,PREJŁOWO,20.72583333,53.74444444
96598,STAŃCOWA,19.54083333,49.54444444
93370,GŁĘBOCKO,17.05972222,52.59444444
95299,ZIELENIEC II,16.39916667,50.34444444
91620,DOMARADY,20.92083333,54.31138889
93664,CZARNÓW-TOWARZYSTWO,20.54805556,52.24472222
94661,TEOFILÓW,20.18277778,51.52805556
4351,WOLA KSIĄŻĘCA,17.58916667,53.96138889
95264,BOLESŁAWICE,16.4625,50.89472222
92626,JEMIOŁOWO,20.29944444,53.56166667
91551,NOWE SADŁUKI,19.71388889,54.26166667
94321,OSTRZESZÓW,17.92444444,51.42833333
92207,TUCZNO,16.14805556,53.195
96408,WISŁA-MALINKA,18.96833333,49.64527778
92369,MĄKOWARSKO,17.81444444,53.41194444
94225,LUBIN,16.21694444,51.41194444
95252,BOGUSZÓW-GORCE,16.18861111,50.74527778
93952,CHRABOŁY,23.19555556,52.86222222
96705,WISŁOK WIELKI,21.99916667,49.37888889
91358,SŁUCHOWO,17.96416667,54.77888889
94353,KSIĘGINICE,17.07638889,51.32888889
92157,SADŁOWO,15.27361111,53.27888889
94742,OPOLE LUBELSKIE,21.94555556,51.14583333
94556,JAROSTY,19.69194444,51.4625
96519,HARKABUZ,19.81444444,49.54583333
93463,NOWA WIEŚ WIELKA II,18.08333333,52.97916667
94352,TRĄBINEK,17.09472222,51.99583333
95363,KOPICE,17.47611111,50.64583333
94805,KĘPA,22.25166667,51.06277778
92710,DOBRYLAS,21.82722222,53.29638889
91356,SŁUPSK,17.03444444,54.46305556
92367,BYDGOSZCZ-SZWEDEROWO,17.995,53.09638889
92368,MOTYL,17.825,53.42972222
92258,TUCZNO TRZECIE,16.16472222,53.21305556
2705,ŚWIĘTAJNO,21.22777778,53.56333333
93632,ZAKROCZYM,20.60333333,52.43
93553,ZDUNY,19.09555556,52.03
93372,CZERNIEJEWO II,17.45888889,52.41361111
93201,BŁOTNICA,16.29833333,51.99694444
94255,WROCŁAW-STRACHOWICE,16.88166667,51.11361111
95286,SZALEJÓW GÓRNY,16.5525,50.43055556
94167,ZŁOTNIKI LUBAŃSKIE,15.34055556,51.01388889
92055,DĄBROWICA,14.97388889,53.46388889
95288,SREBRNA GÓRA II,16.66833333,50.58083333
96855,WOŁOSATE,22.68611111,49.06416667
93305,ŚREM,17.0375,52.08083333
92756,TYSZKI-WĄDOŁOWO,21.98416667,53.44777778
96583,SPYTKOWICE GÓRNE,19.76166667,49.56444444
95494,WIESZOWA,18.77416667,50.38111111
95364,NIEMODLIN,17.6625,50.64777778
94953,DUBICA GÓRNA,23.18222222,51.78138889
94855,SZCZEKARKÓW,22.64027778,51.49805556
94752,CZARNA KOLONIA,21.45111111,51.43138889
93775,PILAWA,21.08722222,52.03138889
92654,LUTRY,20.88527778,53.99805556
93326,GRUSZCZYN,17.06972222,52.43138889
94657,WŁOCHÓW,20.61,51.09833333
95553,MYSZKÓW,19.34916667,50.56527778
95587,SOSNOWIEC-JULIUSZ,19.21888889,50.26527778
93667,KOLONIA KAWĘCZYN,20.35472222,52.18222222
94454,WARTA II,18.60972222,51.71555556
96411,USTROŃ-RÓWNICA-SCHRONISKO,18.85222222,49.71555556
96416,SKOCZÓW,18.795,49.79888889
91359,CZŁUCHY,17.195,54.66555556
4250,CHWAŁKOWICE,16.61388889,51.44888889
95348,BORÓW,16.99,50.88222222
93771,ŚWIDER,21.23722222,52.11583333
93774,WARSZAWA-CZERNIAKOWSKA,21.04694444,52.21583333
93662,PRUSZKÓW,20.76944444,52.1825
93415,KŁODAWA,18.8925,52.24916667
92955,NOWINKA,23.65333333,53.29944444
94853,NOWA WIEŚ,22.7425,51.44944444
93776,CZARNOWO,21.53472222,52.88277778
92655,KIKITY II,20.87722222,53.98277778
92656,RUKŁAWKI,20.91166667,53.86611111
92557,BYSZWAŁD,19.74222222,53.53277778
93371,TROJANOWO,17.01694444,52.59944444
93156,BRZOZA,15.48194444,52.86611111
92024,PODGRODZIE,14.33222222,53.73277778
96759,WYSOWA,21.18694444,49.43305556
91529,KĄTY RYBACKIE,19.21416667,54.33305556
92140,SŁAWOBORZE,15.70194444,53.90361111
93633,NOWY DWÓR MAZOWIECKI,20.71666667,52.43333333
95927,STRZYŻÓW,24.03333333,50.85
94950,KOLONIA ZAKRĘCIE,23.11666667,51.01666667
95905,RUDA RÓŻANIECKA,23.18333333,50.31666667
92950,JASTRZĘBNA PIERWSZA,23.21666667,53.73333333
4902,BEZEK,23.26666667,51.18333333
5904,LUBACZÓW,23.13333333,50.15
92912,NOWOSIÓŁKI,23.51666667,53.18333333
92918,POLANKI,23.35,53.35
92926,HOŁODOLINA,23.23333333,53.53333333
92951,JAŁÓWKA,23.35,53.36666667
92952,NOWOSIÓŁKI,23.53333333,53.16666667
93923,NOWOSADY,23.88333333,52.96666667
93950,TRZEŚCIANKA,23.43333333,52.95
93951,OLSZYN,23.4,52.11666667
93953,NAREWKA,23.73333333,52.86666667
93955,ZAMOSZE,23.9,52.8
94904,DUBIENKA,23.88333333,51.05
94915,HAŃSK,23.4,51.4
94919,TUCZNA,23.41666667,51.88333333
94951,ZAGRODA,23.4,51.08333333
95926,GRABOWIEC,23.53333333,50.81666667
95931,WOJSŁAWICE,23.56666667,50.91666667
95932,GORZKÓW,23.01666667,50.95
94808,PSZCZELA WOLA,22.51666667,51.11666667
91807,KOWALE OLECKIE,22.41666667,54.16666667
94850,WOLA OKRZEJSKA,22.15,51.73333333
95838,JANÓW LUBELSKI,22.41666667,50.71666667
95851,RUDA ŁAŃCUCKA,22.33333333,50.35
96801,ROZTOKI GÓRNE,22.31666667,49.15
92843,BARSZCZOWA GÓRA,22.96666667,53.96666667
96851,BRZEGI DOLNE,22.61666667,49.45
2804,MARIANOWO,22.1,53.21666667
4803,NOWA WIEŚ,22.75,51.45
5802,JAROCIN,22.3,50.56666667
91819,ŻABIN,22.05,54.33333333
91820,ŻYTKIEJMY,22.7,54.35
91850,SIDORY,22.91666667,54.26666667
92803,BACIUTY,22.98333333,53.05
92806,PODGÓRZE,22.13333333,53.11666667
92819,RADZIŁÓW,22.4,53.41666667
92822,OSOWIEC,22.65,53.48333333
92851,ELŻBIECIN,22.13333333,53.2
93807,OLSZANKA,22.66666667,52.15
93810,ŁOSICE,22.73333333,52.21666667
93818,SIEMIATYCZE,22.86666667,52.43333333
93829,CIECHANOWIEC,22.5,52.68333333
93834,CZYŻEW,22.33333333,52.8
93852,TONKIELE,22.56666667,52.41666667
93853,ŻUROBICE,22.93333333,52.53333333
93854,JARNICE,22.01666667,52.36666667
94807,CHODEL,22.13333333,51.11666667
94854,SKOWIESZYNEK,22.01666667,51.31666667
95801,JAROSŁAW,22.68333333,50.03333333
96802,WETLINA,22.46666667,49.15
96806,DWERNIK,22.63333333,49.21666667
96808,POLANA,22.58333333,49.3
96810,RABE,22.66666667,49.36666667
96819,LESZCZOWATE,22.55,49.5
96842,BUDZIWÓJ,22.01666667,49.96666667
96850,NOWOSIELCE,22.06666667,49.56666667
96852,SAKOWCZYK,22.45,49.31666667
96853,KALNICA,22.43333333,49.2
95762,JASTRZĘBSKA WOLA,21.18333333,50.71666667
95723,OSTROWY TUSZOWSKIE,21.63333333,50.31666667
95725,BUDY TUSZOWSKIE,21.66666667,50.38333333
95733,BARANÓW SANDOMIERSKI,21.53333333,50.5
95710,BRZEŹNICA N/WISŁOKĄ,21.48333333,50.1
96750,GLINIK MARIAMPOLSKI,21.16666667,49.66666667
95755,KRĘPA GÓRNA,21.35,50.73333333
95707,LISIA GÓRA,21.03333333,50.08333333
96751,PUŁAWY DOLNE,21.91666667,49.5
2701,NIKUTOWO,21.3,53.83333333
2703,ZAWODZIE,21.4,53.38333333
3704,WARSZAWA-OBSERWATORIUM,21.03333333,52.21666667
4706,OPOLE LUBELSKIE,21.93333333,51.13333333
4708,RADOM,21.11666667,51.41666667
5751,ZAWADA,21.48333333,50.06666667
6705,DUKLA,21.68333333,49.56666667
6707,WYSOWA,21.18333333,49.43333333
91701,SIEDLISKA,21.91666667,54
91751,WILKOWO,21.31666667,54.01666667
92716,KOLNO,21.93333333,53.4
92720,NIEDŹWIEDZIE,21.15,53.51666667
92727,PISZ,21.8,53.63333333
92730,BABIĘTA,21.26666667,53.66666667
92738,RYN,21.53333333,53.93333333
92752,PTAKI,21.8,53.4
92753,DOBRYLAS,21.86666667,53.28333333
93706,CZŁEKÓWKA,21.45,52.05
93740,SOŁKI,21.71666667,52.35
93745,SEROCK,21.06666667,52.51666667
93752,ZATORY,21.18333333,52.6
93768,SINOŁĘKA,21.91666667,52.21666667
93772,CELESTYNÓW,21.38333333,52.05
93773,KOMOROWO,21.83333333,52.81666667
95704,DĘBICA,21.41666667,50.05
95705,CZARNA,21.25,50.06666667
95726,GAWŁUSZOWICE,21.38333333,50.41666667
95728,KWASÓW,21.03333333,50.43333333
95735,SUCHOWOLA,21.38333333,50.53333333
95739,KLIMONTÓW,21.45,50.66666667
95745,SADKÓW,21.08333333,50.73333333
95752,NOSÓW,21.21666667,50.91666667
95754,BARANÓWEK,21.25,50.78333333
95761,KOLBUSZOWA,21.8,50.23333333
95765,MIELEC,21.41666667,50.28333333
96712,KREMPNA,21.5,49.5
96721,SZYMBARK,21.08333333,49.61666667
96725,HACZÓW,21.9,49.66666667
96733,FRYSZTAK,21.6,49.83333333
96752,WISŁOCZEK,21.86666667,49.5
96753,WYSZOWADKA,21.41666667,49.45
96754,LUBATOWA,21.76666667,49.55
96755,ZBOISKA,21.7,49.58333333
96756,JASŁO,21.48333333,49.73333333
96757,ORZECHÓWKA,21.96666667,49.71666667
96653,NOWY WIŚNICZ,20.46666667,49.91666667
94607,WIELKA WIEŚ,20.98333333,51.08333333
96658,KOŹMICE WIELKIE,20.03333333,49.95
94660,DĄBRÓWKA STARA,20.73333333,51.76666667
94636,BIAŁA RAWSKA,20.46666667,51.8
92631,NOWY RAMUK,20.58333333,53.65
96664,RABA NIŻNA,20.06666667,49.65
94655,SKARŻYSKO KAMIENNA,20.88333333,51.13333333
94631,WÓLKA JAGIELCZYŃSKA,20.18333333,51.68333333
93626,FAMUŁKI BROCHOWSKIE,20.35,52.31666667
95663,POSZYNA (KŁAJ),20.36666667,50.05
2601,BISKUPIEC,20.98333333,53.85
3607,KAWĘCZYN,20.35,52.16666667
4605,ŁAZISKA,20.91666667,51.33333333
5604,MIECHÓW,20.03333333,50.36666667
5606,BORUSOWA,20.8,50.28333333
5608,IGOŁOMIA,20.26666667,50.1
6602,JODŁOWNIK,20.25,49.78333333
6606,ZBYSZYCE,20.66666667,49.7
6614,ŁABOWA,20.86666667,49.53333333
6616,ŁOPUSZNA,20.13333333,49.48333333
6619,PIWNICZNA,20.7,49.43333333
6623,KRYNICA,20.96666667,49.41666667
6626,BUKOWINA TATRZAŃSKA,20.11666667,49.35
6650,JASTRZĘBIA,20.9,49.78333333
6651,DOBCZYCE,20.06666667,49.88333333
91601,WICHROWO,20.41666667,54.03333333
91602,FRANKNOWO,20.75,54.03333333
91603,LUBOMINO,20.25,54.06666667
91606,KASZUNY,20.33333333,54.15
91609,LECHOWO,20.26666667,54.2
91613,BARTOSZYCE,20.81666667,54.25
92619,WAŁY,20.63333333,53.43333333
92623,BOLEJNY,20.45,53.51666667
92628,MAŁSZEWO,20.71666667,53.58333333
92637,RUMY,20.93333333,53.76666667
92645,KSIĄŻNIK,20.06666667,53.96666667
92650,OLSZEWKI,20.98333333,53.68333333
92651,FRĄKNOWO,20.33333333,53.43333333
92652,BISKUPIEC,20.96666667,53.85
93657,BRWINÓW,20.71666667,52.13333333
93661,BORKOWO,20.66666667,52.55
94620,ŁOKIETKA,20.15,51.46666667
94626,BUKÓWNO,20.85,51.55
94638,DOLECK,20.31666667,51.9
94652,RUSINÓW,20.68333333,51.28333333
94653,SŁOWIKÓW,20.88333333,51.46666667
94654,STANOWISKA,20.36666667,51.05
94656,DAŃKÓW,20.7,51.73333333
94658,RZUCÓW,20.73333333,51.3
95618,SZCZEPANOWICE,20.03333333,50.3
95626,STOPNICA,20.93333333,50.45
95632,BALICE,20.85,50.55
95635,CHMIELNIK,20.76666667,50.61666667
95637,NAGŁOWICE,20.11666667,50.68333333
95639,MNISZEK,20.28333333,50.73333333
95648,KRASOCIN,20.11666667,50.9
95652,OBLĘGÓR,20.46666667,50.96666667
95656,SIEKIERNO,20.93333333,50.98333333
95657,WYMYSŁÓW,20.1,50.83333333
95658,CISÓW,20.9,50.76666667
95661,SZANIEC,20.7,50.53333333
96615,HUTA,20.96666667,49.46666667
96616,WAKSMUND,20.08333333,49.48333333
96623,JASIONÓW,20.03333333,49.58333333
96631,WIERZCHY,20.46666667,49.65
96632,WYSOKIE,20.56666667,49.65
96634,GRUSZOWIEC,20.18333333,49.7
96637,DOBRA,20.25,49.71666667
96639,JASIENNA,20.83333333,49.71666667
96646,IWKOWA,20.58333333,49.81666667
96647,CZCHÓW,20.66666667,49.81666667
96649,ŁAPANÓW,20.31666667,49.86666667
96652,GDÓW,20.21666667,49.88333333
96654,USZEW,20.61666667,49.91666667
96661,DĘBNO,20.21666667,49.46666667
96662,ŁABOWA,20.86666667,49.53333333
96665,GNOJNIK,20.58333333,49.9
96527,RABA WYŻNA,19.88333333,49.56666667
96522,SOPOTNIA WIELKA,19.28333333,49.56666667
94519,PIOTRKÓW TRYBUNALSKI,19.65,51.4
92520,NOWE MIASTO,19.6,53.43333333
96513,SMEREKÓW MAŁY,19.05,49.45
96541,PEWEL MAŁA,19.3,49.66666667
92553,MOKRY LAS,19.11666667,53.16666667
96579,LACHOWICE KRALE,19.41666667,49.7
96535,ZAWOJA II,19.51666667,49.61666667
96582,NOWE BYSTRE-SŁODYCZKI,19.91666667,49.31666667
1503,KMIECIN,19.16666667,54.18333333
1550,LIPOWINA,19.98333333,54.35
2502,DOBROCIN,19.83333333,53.91666667
2503,PRABUTY,19.21666667,53.73333333
2505,LIDZBARK,19.83333333,53.25
3501,GŁODOWO,19.23333333,52.83333333
3506,OSTROWY,19.16666667,52.3
4502,STRZELNA,19.9,51.81666667
5502,SZCZEKOCINY,19.8,50.63333333
5511,KRAKÓW-OBSERWATORIUM,19.96666667,50.06666667
6501,LIBERTÓW,19.9,49.96666667
6509,ŻYWIEC,19.23333333,49.71666667
6510,NOWY DWÓR,19.16666667,49.65
6513,ZAWOJA,19.51666667,49.61666667
6517,SIENIAWA,19.91666667,49.53333333
6551,LALIKI,19.01666667,49.55
91509,DOBRY,19.95,54.11666667
92508,ROKITNICA,19.53333333,53.16666667
92515,ZBICZNO,19.36666667,53.35
92552,WIERZBICA,19.98333333,53.48333333
92554,DZIARNY,19.61666667,53.56666667
92555,BĄGART,19.36666667,53.96666667
93507,ŁOWICZ,19.95,52.11666667
93537,ŻABOWO,19.91666667,52.83333333
93550,MIKOŁAJEWO,19.93333333,52.61666667
94524,MOSZCZENICA,19.71666667,51.5
94526,DRZEWOCINY,19.31666667,51.53333333
94551,PLUCICE,19.6,51.2
94552,JEŻÓW,19.96666667,51.81666667
94554,MIKULIN,19.98333333,51.83333333
95504,MĘTKÓW,19.36666667,50.05
95513,MURCKI,19.05,50.2
95524,SOSNOWIEC,19.1,50.28333333
95533,CHECHŁO,19.51666667,50.36666667
95534,GOLCZOWICE,19.6,50.36666667
95540,ŁAZY,19.38333333,50.43333333
95554,OŁUDZA,19.75,50.56666667
95559,ŻARKI,19.38333333,50.65
95576,CYKARZEW,19.18333333,50.95
95577,JANUSZEWICE,19.96666667,50.95
95580,BONOWICE,19.8,50.61666667
95581,KRĘCIWILK,19.36666667,50.55
95582,KOBYŁCZYCE,19.36666667,50.8
96421,MAZAŃCOWICE,19,49.86666667
96521,MILÓWKA,19.08333333,49.56666667
96539,JORDANÓW,19.83333333,49.65
96540,LIPOWA,19.08333333,49.66666667
96543,ROZTOKI,19.5,49.68333333
96546,KRZECZÓW,19.9,49.68333333
96549,GILOWICE,19.31666667,49.71666667
96550,ŚLEMIEŃ,19.36666667,49.71666667
96551,LUBIEŃ,19.96666667,49.71666667
96555,BOGDANÓWKA,19.8,49.75
96556,SZYNDZIELNIA,19,49.76666667
96557,BIEŃKÓWKA,19.76666667,49.76666667
96574,OSIEK,19.26666667,49.95
96578,GUBAŁÓWKA,19.93333333,49.3
96580,LIGASÓWKA-ZĄB,19.95,49.33333333
96590,RATUŁÓW,19.88333333,49.4
96593,KUŹNICE,19.98333333,49.26666667
96594,WITÓW,19.83333333,49.33333333
97513,MYŚLENICE,19.95,49.81666667
96413,GÓRKI WIELKIE,18.85,49.76666667
92451,BRODY POMORSKIE,18.76666667,53.86666667
95492,TWORÓG MAŁY,18.46666667,50.25
1402,GDYNIA,18.56666667,54.51666667
1404,GDAŃSK-ŚWIBNO,18.93333333,54.33333333
1407,GDAŃSK-RĘBIECHOWO,18.46666667,54.38333333
1408,GDAŃSK-WRZESZCZ,18.6,54.38333333
2401,RADOSTOWO,18.75,53.98333333
2402,ŚLIWICE,18.18333333,53.7
2404,KOŃCZEWICE,18.55,53.18333333
2450,BYDGOSZCZ,18.05,53.16666667
5403,GÓRA ŚW.ANNY,18.16666667,50.45
5409,PSZCZYNA,18.91666667,50
6402,ZABORZE,18.8,49.86666667
91406,LUBAŃ,18.16666667,54.11666667
92401,CHROŚNA,18.21666667,52.98333333
92413,FALĘCIN,18.53333333,53.23333333
92440,GNIEW,18.81666667,53.83333333
92450,UŚNICE,18.91666667,53.95
93402,GRODZIEC,18.05,52.03333333
93411,DĘBOWICE,18.86666667,52.18333333
93416,KRAMSK,18.43333333,52.26666667
93421,MODZEROWO,18.76666667,52.35
93449,WIĘCŁAWICE,18.31666667,52.85
93457,PILICH,18.31666667,52.5
93459,GŁĘBOKIE,18.45,52.65
94403,ROŻNÓW,18.13333333,51.05
94405,CISOWA,18.71666667,51.08333333
94407,DZIAŁOSZYN,18.88333333,51.13333333
94450,MIRKÓW,18.15,51.31666667
95401,BORUCIN,18.16666667,50.01666667
95417,TYCHY,18.98333333,50.13333333
95419,ZWONOWICE,18.45,50.15
95421,MODZURÓW,18.13333333,50.16666667
95424,KRYWAŁD,18.63333333,50.21666667
95432,GLIWICE,18.63333333,50.3
95433,CHORZÓW-MIASTO,18.95,50.3
95473,ŁEBKI,18.76666667,50.78333333
95489,STUDZIENICE,18.98333333,50.01666667
95490,NIWKI,18.68333333,50.81666667
95493,RYBNIK,18.53333333,50.1
96401,KONIAKÓW,18.95,49.55
96402,ISTEBNA-WIEŚ,18.9,49.56666667
96405,WISŁA-STOŻEK,18.83333333,49.6
96419,OCHABY,18.76666667,49.85
96429,MSZANA,18.55,49.96666667
96450,BRENNA-LEŚNICA,18.9,49.71666667
96452,GOŁKOWICE,18.5,49.91666667
94329,OSTRÓW WIELKOPOLSKI,17.65,51.65
94330,SIELEC STARY,17.15,51.65
95344,STARE SIOŁKOWICE,17.76666667,50.8
95342,GOLCZOWICE OPOLSKIE,17.75,50.78333333
94324,CZARNY LAS,17.76666667,51.5
92334,KAMIEŃ KRAJEŃSKI,17.53333333,53.53333333
93369,SŁĘBOWO II,17.6,52.83333333
93365,WINNA GÓRA,17.45,52.2
94305,WROCŁAW-OGRÓD BOTANICZNY,17.05,51.11666667
1302,KARŻNICZKA,17.23333333,54.48333333
1350,SŁUPSK,17.1,54.48333333
3304,SŁUPCA,17.86666667,52.28333333
4301,WITASZYCE,17.55,51.95
4303,GRABOWNICA,17.45,51.46666667
4350,JELCZ-LASKOWICE,17.35,51.05
5302,DOBROGOSZCZ,17.01666667,50.76666667
5350,ŁOSIÓW,17.55,50.78333333
91351,ŁUPAWSKO,17.6,54.28333333
91352,MIKOROWO,17.58333333,54.41666667
92322,SYPNIEWO,17.33333333,53.36666667
92323,MĄKOWARSKO,17.81666667,53.4
92326,KLONOWO,17.96666667,53.45
92328,LUTÓWKO,17.45,53.46666667
92351,CIECHOLEWY,17.41666667,53.81666667
92359,JEZIORNA,17.91666667,53.95
92361,KOPERNICA,17.46666667,53.78333333
92363,WYCZECHY,17.03333333,53.68333333
92366,ŻALNO,17.75,53.6
93304,ŻERKÓW,17.56666667,52.06666667
93306,KLĘKA,17.41666667,52.08333333
93313,LĄD,17.9,52.2
93316,PIOTROWO,17.98333333,52.21666667
93320,WRZEŚNIA,17.6,52.31666667
93337,PRZEBĘDOWO,17.01666667,52.58333333
93347,DĄBROWA,17.95,52.75
93367,BOBROWNIKI,17.13333333,52.81666667
94303,WŁOCHY,17.91666667,51.06666667
94325,CZATKOWICE,17.38333333,51.51666667
95301,JAKUBOWICE,17.85,50.01666667
95303,BRANICE,17.8,50.05
95304,LUBOTYŃ,17.95,50.05
95313,GŁOGÓWEK,17.86666667,50.35
95322,POGÓRZE,17.68333333,50.46666667
95328,GOWOROWICE,17.13333333,50.55
95353,OŁAWA,17.33333333,50.93333333
93255,DZIERŻĄŻNO WIELKIE,16.2,52.98333333
94208,BUDZISZÓW WIELKI,16.45,51.1
94221,OBORNIKI ŚLĄSKIE,16.91666667,51.3
91252,BRUSKOWO MAŁE,16.88333333,54.48333333
94243,TARNOWA ŁĄKA,16.61666667,51.76666667
95217,LEWIN KŁODZKI,16.3,50.41666667
95277,WAŁBRZYCH II,16.3,50.73333333
93253,KUŹNICA CZARNKOWSKA,16.53333333,52.95
1202,MIASTKO,16.98333333,54.01666667
2202,WIERZCHOWO,16.11666667,53.46666667
3203,SZAMOTUŁY-BABORÓWKO,16.63333333,52.58333333
3204,PAPROĆ,16.18333333,52.3
3206,WIELICHOWO,16.35,52.11666667
4202,POLKOWICE DOLNE,16.05,51.5
4205,KWIETNO,16.46666667,51.18333333
5203,SZCZAWNO-ZDRÓJ,16.23333333,50.8
5250,PSZENNO,16.55,50.85
91212,KRĄG,16.7,54.21666667
92204,MIELĘCIN,16.26666667,53.13333333
92216,SYPNIEWO,16.61666667,53.46666667
92230,GRZMIĄCA,16.43333333,53.83333333
92235,SŁOSINKO,16.98333333,53.95
92253,OSÓWKO,16.06666667,53.9
93219,JABŁONNA,16.2,52.2
94213,WROCŁAW-STABŁOWICE,16.88333333,51.16666667
94236,GŁOGÓW,16.1,51.65
94241,CIOŁKOWO,16.96666667,51.75
94250,SZRENIAWA,16.05,51.93333333
94252,RADOMICKO,16.53333333,51.95
95212,LASÓWKA,16.45,50.31666667
95241,GŁUSZYCA,16.36666667,50.68333333
95246,ROŚCISZÓW,16.51666667,50.71666667
95250,KRZESZÓW,16.06666667,50.75
95256,LUBACHÓW,16.43333333,50.76666667
95262,MYSŁAKÓW,16.65,50.86666667
95265,SOBÓTKA,16.75,50.9
95275,GNIECHOWICE,16.83333333,50.98333333
94166,NOWA SÓL,15.73333333,51.8
94150,BYTOM ODRZAŃSKI,15.83333333,51.73333333
2102,PRZELEWICE,15.08333333,53.1
3104,LUBINICKO-ŚWIEBODZIN,15.55,52.25
4101,GRABIK,15.11666667,51.65
4104,TOMASZÓW BOLESŁAWIECKI,15.68333333,51.28333333
4150,PASTERZOWICE,15.56666667,51.6
5150,JAKUSZYCE,15.45,50.81666667
91150,DYGOWO,15.71666667,54.13333333
92106,KRZĘCIN,15.5,53.08333333
92126,DOBRA,15.3,53.58333333
92129,ŁABĘDZIE,15.81666667,53.65
92143,STARNIN,15.46666667,53.96666667
92152,DRAWNO,15.76666667,53.21666667
92155,BRZEŹNIAK,15.66666667,53.53333333
93142,DOBIEGNIEW,15.76666667,52.96666667
93150,BUDACHÓW,15.1,52.15
93151,LUBNIEWICE,15.26666667,52.51666667
94103,LUBOMIERZ,15.51666667,51.01666667
94127,OKMIANY,15.78333333,51.26666667
94129,CHOJNÓW,15.93333333,51.28333333
94156,BOROWIEC,15.86666667,51.8
94164,BOBROWICE,15.08333333,51.96666667
94165,KOŻUCHÓW,15.6,51.75
95103,JARKOWICE,15.88333333,50.73333333
95112,KOWARY,15.85,50.8
95113,JAKUSZYCE,15.45,50.81666667
95114,JAGNIĄTKÓW,15.61666667,50.81666667
95135,CHROŚNICA,15.78333333,50.98333333
2003,LIPNIK (LIPKI),14.96666667,53.35
92003,MIELĘCIN,14.9,53.06666667
92010,LINIE,14.75,53.18333333
93014,BOLESZKOWICE,14.56666667,52.71666667
93016,MIESZKOWICE,14.5,52.8
93050,WIERZCHLAS,14.5,52.83333333
91804,BAKAŁARZEWO,22.65,54.1
93917,NOWE MASIEWO,23.08444444,52.08333333
94659,RUSZKOWICE,20.0525,51.03333333
91522,BRANIEWO,19.06916667,54.03361111
93539,SKĘPE (WYMYŚLIN),19.03361111,52.08388889
95516,CIĘŻKOWICE,19.03333333,50.0175
5401,STARE OLESNO,18.03388889,50.08444444
93002,MASZEWO,14.08444444,52.00111111
92435,KORZENIEWO,18.08388889,53.06805556
91526,NOWA PASŁĘKA,19.06861111,54.035
93429,IZBICA KUJAWSKA,18.06833333,52.035
6603,CIĘŻKOWICE,20.08583333,49.03527778
95305,WOJNOWICE,17.08416667,50.00194444
92257,PIŁAWA,16.03555556,53.05194444
93141,GIŻYN,15.00027778,52.08527778
94508,DOBRYSZYCE,19.03444444,51.0025
93309,ZANIEMYŚL,17.01666667,52.0025
93296,OBORNIKI WIELKOPOLSKIE II,16.06861111,52.0525
93215,BRODNICA,16.08444444,52.0025
92154,DARŻ,15.00055556,53.03583333
6620,SZCZAWNICA,20.5,49.43333333
6631,ŁYSA POLANA,20.11666667,49.26666667
96617,KOWANIEC,20.03333333,49.5
96510,BAŃSKA WYŻNA,19.98333333,49.4
6519,CZARNY DUNAJEC,19.85,49.45
6522,ANTAŁÓWKA,19.98333333,49.3
6525,POLANA CHOCHOŁOWSKA,19.78333333,49.23333333
6526,HALA ORNAK,19.86666667,49.23333333
92933,SUCHA RZECZKA,23.2,53.88333333
91902,STARY FOLWARK,23.06666667,54.06666667
91904,SEJNY,23.35,54.1
91907,SMOLANY,23.2,54.18333333
91908,ALEKSANDRÓWKA,23.11666667,54.26666667
92932,KRASNE,23.35,53.78333333
91851,PRZEŁOMKA,22.78333333,54.26666667
95335,SZYDŁOWIEC ŚLĄSKI,17.61666667,50.68333333
5303,GRODKÓW,17.4,50.68333333
5304,KORFANTÓW,17.6,50.48333333
5305,OTMUCHÓW,17.16666667,50.46666667
5308,GŁUCHOŁAZY,17.38333333,50.3
95315,ŁĄKA,17.21666667,50.38333333
95318,DZIEWIĘTLICE,17.1,50.41666667
95319,WIERZBIĘCICE,17.43333333,50.41666667
95324,PACZKÓW,17.01666667,50.48333333
95325,NYSA,17.35,50.48333333
95329,CZARNOLAS,17.31666667,50.6
95331,SZYDŁÓW,17.73333333,50.6
95224,KAMIENIEC ZĄBKOWICKI,16.86666667,50.51666667
95221,ZŁOTY STOK,16.88333333,50.45
95210,STRONIE ŚLĄSKIE,16.88333333,50.28333333
95245,UNISŁAW ŚLĄSKI,16.25,50.81666667
95228,NOWA RUDA,16.53333333,50.56666667
95206,NOWA MORAWA,16.91666667,50.23333333
95279,BYSTRZYCA KŁODZKA,16.65,50.3
95229,SREBRNA GÓRA,16.66666667,50.58333333
95211,NOWY GIERAŁTÓW,16.98333333,50.3
5205,TARNÓW,16.8,50.58333333
5208,LĄDEK-ZDRÓJ,16.88333333,50.35
5211,DŁUGOPOLE-ZDRÓJ,16.63333333,50.25
5252,BOLESŁAWÓW,16.88333333,50.25
95202,MIĘDZYLESIE,16.66666667,50.15
95207,MIĘDZYGÓRZE,16.76666667,50.23333333
95213,ZIELENIEC,16.4,50.33333333
95219,PODZAMEK,16.76666667,50.43333333
95220,CHOCIESZÓW,16.48333333,50.46666667
95232,DWORKI,16.43333333,50.61666667
95233,JUGÓW,16.53333333,50.61666667
95238,MIEROSZÓW,16.18333333,50.66666667
95278,MŁOTY,16.53333333,50.3
95280,SPALONA,16.55,50.28333333
95281,OSTROSZOWICE,16.63333333,50.65
95282,GAJÓW,16.41666667,50.53333333
95309,BIELICE,17,50.26666667
95276,KAMIENICA,16.88333333,50.21666667
94107,BIERNA,15.11666667,51.03333333
94114,SULIKÓW,15.06666667,51.08333333
94126,PIEŃSK,15.05,51.25
94007,BROŻEK (ZASIEKI),14.68333333,51.71666667
5001,BOGATYNIA,14.98333333,50.9
93001,KOSARZYN,14.76666667,52.06666667
94002,SOBOLICE,14.98333333,51.38333333
94003,ŁĘKNICA,14.75,51.53333333
94004,TRZEBIEL,14.81666667,51.63333333
94005,PIETRZYKÓW,14.98333333,51.68333333
94009,LUBSKO,14.98333333,51.8
94010,KANIÓW,14.91666667,51.93333333
94011,GUBIN,14.76666667,51.95
94012,ZASIEKI,14.66666667,51.75
95050,BOGATYNIA,14.98333333,50.9
94340,SZELEJEWO,17.16666667,51.86666667
94346,DOLSK,17.06666667,51.98333333
94253,CZERWONA WIEŚ,16.8,51.96666667
93297,MICHORZEWO II,16.36666667,52.36666667
93211,KOŚCIAN,16.63333333,52.1
93214,KONOJAD,16.55,52.15
93222,MOSINA,16.85,52.25
93223,STĘSZEW,16.7,52.28333333
93229,MICHORZEWO,16.35,52.36666667
93231,GRZEBIENISKO,16.53333333,52.43333333
93238,PNIEWY,16.25,52.5
95646,BIELINY KAPITULNE,20.93333333,50.85
95643,DALESZYCE,20.81666667,50.8
95653,BARTKÓW,20.65,50.98333333
92107,PŁOTNO,15.3,53.08333333
94518,MILEJÓW,19.71666667,51.35
93354,ŻNIN,17.75,52.83333333
91436,WIERZCHUCINO,18,54.78333333
94228,RUDNA,16.26666667,51.51666667
95722,SZCZUCIN,21.06666667,50.31666667
95476,SIERAKÓW,18.58333333,50.8
92210,MIROSŁAWIEC,16.08333333,53.35
94842,MIĘDZYRZEC PODLASKI,22.78333333,51.98333333
95849,ZAKRZÓWEK,22.38333333,50.95
92620,STARE MIASTO,20,53.46666667
95410,KOBIÓR,18.91666667,50.06666667
95310,ŚCIBORZYCE MAŁE,17.78333333,50.26666667
96902,MŁYNY,23.05,49.98333333
94701,TARŁÓW,21.71666667,51
91510,NOWY STAW,19.01666667,54.13333333
95638,OKSA,20.1,50.73333333
95448,ŁUBIE GÓRNE,18.65,50.45
93905,ZABUŻE,23.05,52.31666667
92421,RADZYŃ-FIJEWO,18.93333333,53.4
93404,TULISZKÓW,18.3,52.08333333
94816,ŁĘCZNA,22.9,51.3
92714,LESINY WIELKIE,21.13333333,53.38333333
95753,OSTROWIEC ŚWIĘTOKRZYSKI,21.43333333,50.93333333
92739,ŁĘŻANY,21.15,53.96666667
96758,ŻARNOWA,21.81666667,49.88333333
95544,BRYNICA,19,50.46666667
95415,STANOWICE,18.66666667,50.13333333
1305,KOŚCIERZYNA,17.96666667,54.13333333
94715,SKARYSZEW,21.25,51.31666667
93526,DUNINÓW,19.48333333,52.58333333
94901,ŻMUDŹ,23.66666667,51.01666667
94702,MAZANÓW,21.91666667,51
96568,KĘTY,19.23333333,49.88333333
94906,KANIE,23.11666667,51.15
93603,MIEDNIEWICE,20.3,52.08333333
94312,LIGOTA PIĘKNA,17.05,51.23333333
94810,PIASKI,22.85,51.13333333
92734,ORZYSZ,21.96666667,53.8
92613,SZCZEPKOWO BOROWE,20.58333333,53.3
96523,KORBIELÓW,19.35,49.56666667
93423,JABŁONKA,18.11666667,52.36666667
94323,SUŁÓW,17.16666667,51.5
94144,ŻAGAŃ,15.31666667,51.61666667
94313,SOKOŁOWICE,17.45,51.23333333
93247,MIAŁY,16.16666667,52.81666667
96562,STRÓŻA,19.93333333,49.8
95123,KOPANIEC,15.55,50.88333333
3901,BIELSK PODLASKI,23.16666667,52.76666667
5605,SIELEC,20.41666667,50.31666667
92632,STAWIGUDA,20.41666667,53.66666667
95613,JAKUBOWICE,20.31666667,50.18333333
95625,KSIĄŻ WIELKI,20.13333333,50.45
93026,CHOJNA,14.43333333,52.96666667
93703,WIELGOLAS,21.73333333,52.03333333
95651,SNOCHOWICE,20.33333333,50.95
92536,JERZWAŁD,19.53333333,53.78333333
96839,PRUCHNIK,22.51666667,49.9
95608,UŚCIE SOLNE,20.53333333,50.11666667
93345,ROGOŹNO,17,52.75
95611,JADOWNIKI MOKRE,20.73333333,50.16666667
94838,ŁUKÓW,22.36666667,51.91666667
6507,MAKÓW PODHALAŃSKI,19.68333333,49.73333333
96407,WISŁA-GŁĘBCE,18.88333333,49.63333333
96576,BRZEŹNICA,19.63333333,49.96666667
96573,RADZISZÓW,19.81666667,49.93333333
93920,NAREW,23.51666667,52.91666667
95848,KRAŚNIK LUBELSKI,22.26666667,50.93333333
94835,PRZEGALINY DUŻE,22.88333333,51.83333333
92827,GRAJEWO,22.45,53.65
94822,LUBARTÓW,22.6,51.46666667
93722,DĘBE WIELKIE,21.43333333,52.2
2750,MYSZYNIEC,21.35,53.38333333
91708,BARCIANY,21.35,54.21666667
93751,WYSZKÓW,21.45,52.58333333
93758,WIŚNIEWO,21.7,52.75
94730,ŁĘKAWICA,21.31666667,51.71666667
92607,KRZYNOWŁOGA MAŁA,20.8,53.15
5602,SKRONIÓW,20.26666667,50.63333333
92635,GIETRZWAŁD,20.25,53.75
94604,SUCHEDNIÓW,20.83333333,51.03333333
94610,KOŃSKIE,20.4,51.18333333
94632,TĄKIELE,20.81666667,51.71666667
92519,OSTROWITE,19.28333333,53.41666667
92526,PIETRZWAŁD,19.91666667,53.58333333
93501,KRZEPOCINEK,19.1,52
93540,SIERPC,19.68333333,52.86666667
94502,BOBRY,19.4,51.03333333
94528,KRUSZÓW,19.58333333,51.58333333
94548,OZORKÓW,19.31666667,51.96666667
95503,OŚWIĘCIM,19.2,50.05
95545,KĘPIE,19.93333333,50.46666667
95563,LELÓW,19.63333333,50.68333333
95405,LIGOTA TWORKOWSKA,18.26666667,50.03333333
4401,SIERADZ,18.7,51.6
92408,KOWALEWO,18.91666667,53.16666667
92409,OSIELSKO,18.06666667,53.18333333
94409,SIEMIANICE,18.15,51.18333333
94442,PODDĘBICE,18.96666667,51.9
95411,KIETRZ,18.01666667,50.08333333
95412,KRÓLÓWKA,18.78333333,50.08333333
96432,WARSZOWICE,18.7,49.98333333
91344,ŻELAZNO,17.86666667,54.73333333
93235,BRODY,16.31666667,52.45
94222,LISIEC,16.05,51.31666667
94223,WOŁÓW,16.65,51.33333333
94123,NOWOGRODZIEC,15.4,51.2
92016,ŻELEWO,14.86666667,53.3
92032,WARNOWO,14.56666667,53.95
4801,RADZYŃ PODLASKI,22.6,51.76666667
92219,OKONEK,16.85,53.53333333
92708,KADZIDŁO,21.46666667,53.23333333
93904,WERCHLIŚ,23.28333333,52.18333333
95807,RADAWA,22.76666667,50.13333333
92715,PTAKI,21.8,53.4
92641,SĘTAL,20.48333333,53.91666667
95124,STARA KAMIENICA,15.56666667,50.91666667
93401,TUREK,18.5,52.01666667
94316,SYCÓW,17.73333333,51.31666667
96552,KOCIERZ MOSZCZANICKI,19.26666667,49.73333333
95110,PRZESIEKA,15.68333333,50.78333333
95345,WIĄZÓW,17.2,50.81666667
93764,GUTY DUŻE,21.26666667,52.93333333
95409,RYDUŁTOWY,18.43333333,50.06666667
93813,KRYNICA,22.3,52.3
96515,RAJCZA,19.11666667,49.51666667
96731,KRASNA,21.85,49.78333333
94924,SŁAWATYCZE,23.53333333,51.76666667
93816,ŻANECIN,22.25,52.38333333
94824,MICHÓW,22.31666667,51.51666667
95844,BATORZ,22.5,50.83333333
93759,OSTRÓW MAZOWIECKA,21.9,52.8
95706,ROPCZYCE,21.6,50.06666667
96723,GORLICE,21.16666667,49.66666667
95616,RADZIEMICE,20.25,50.25
95628,WODZISŁAW,20.2,50.51666667
94533,ROKICINY,19.78333333,51.66666667
95575,NIEZNANICE,19.31666667,50.91666667
95428,SOŚNICOWICE,18.55,50.26666667
91320,ULISZKOWICE,17.11666667,54.28333333
91214,MIELNO,16.05,54.25
93240,NOJEWO,16.31666667,52.6
94136,CHOCIANÓW,15.91666667,51.41666667
94506,PRZEDBÓRZ,19.88333333,51.08333333
5601,BODZENTYN,20.95,50.95
94206,STANISŁAWÓW,16.01666667,51.06666667
96565,PONIKIEW,19.46666667,49.83333333
96532,KAMESZNICA,19.06666667,49.6
94327,ODOLANÓW,17.66666667,51.58333333
94708,SOLEC NAD WISLĄ,21.75,51.13333333
93753,SADOWNE,21.85,52.63333333
94917,PIESZOWOLA,23.16666667,51.5
95258,LUBOMIN,16.2,50.8
96571,SIEPRAW,19.96666667,49.91666667
93911,ORZESZKOWO,23.55,52.68333333
95907,NAROL,23.33333333,50.35
95908,BEŁŻEC,23.43333333,50.38333333
95836,LIPA,22.1,50.7
92735,MARADKI,21.15,53.81666667
95242,PIŁAWA GÓRNA,16.75,50.68333333
95132,JANICE,15.53333333,50.96666667
91504,ZWIERZNO,19.35,54.03333333
94716,KAZIMIERZ DOLNY,21.95,51.33333333
92447,BOŻEPOLE SZLACHECKIE,18.23333333,53.98333333
92832,BIAŁOBRZEGI,22.96666667,53.8
93820,WRZOSKI,22.11666667,52.48333333
95750,NOWA SŁUPIA,21.08333333,50.86666667
92705,JEDNOROŻEC,21.05,53.15
92712,WACH,21.38333333,53.3
94603,PILCZYCA,20.1,51.03333333
92530,RUDZIENICE,19.66666667,53.63333333
95431,STARA KUŹNIA,18.35,50.3
94432,SZADEK,18.98333333,51.7
92123,WIEWIECKO,15.65,53.53333333
93019,OSINÓW DOLNY,14.15,52.85
92609,DZIAŁDOWO,20.18333333,53.23333333
94507,RZEJOWICE,19.7,51.1
94315,ŁUCZYNA,17.28333333,51.3
95357,BIESTRZYKOWICE,17.76666667,50.98333333
95720,WOLA WADOWSKA,21.21666667,50.26666667
94510,SULMIERZYCE,19.21666667,51.2
92429,GARDEJA,18.95,53.61666667
94927,KODEŃ,23.61666667,51.93333333
92828,DRYGAŁY,22.11666667,53.7
93805,MAKARÓWKA,22.88333333,52.11666667
95842,TUROBIN,22.75,50.81666667
94735,UNIN KOLONIA,21.68333333,51.9
95633,SĘDZISZÓW,20.05,50.56666667
96630,PÓŁRZECZKI,20.2,49.65
91511,SZOPY,19.33333333,54.13333333
92546,BUCZYNIEC,19.61666667,53.98333333
93522,GOSTYNIN,19.46666667,52.41666667
96534,SIDZINA,19.73333333,49.61666667
93427,WANDOWO,18.3,52.43333333
92329,KAMIENICA,17.81666667,53.48333333
95356,ŻÓRAWINA,17.05,50.98333333
92706,CIERPIĘTA,21.15,53.18333333
95268,DOBROMIERZ,16.25,50.91666667
95530,CZELADŹ,19.08333333,50.33333333
94112,PŁAWNA,15.6,51.05
93803,WÓLKA KAMIENNA,22.51666667,52.06666667
95805,ŁAŃCUT,22.23333333,50.08333333
94729,KOZICE (ŻYCZYN),21.75,51.66666667
96743,PILZNO,21.3,49.98333333
93641,WINNICA,20.95,52.65
95605,BORZĘCIN,20.71666667,50.06666667
96645,ROZDZIELE,20.45,49.8
91502,STRUŻYNA,19.95,54
92538,STRASZEWO,19.03333333,53.83333333
91335,OBJAZDA,17.05,54.61666667
93336,TRZEMESZNO,17.81666667,52.56666667
95259,ŁAGIEWNIKI,16.85,50.8
95510,CHRZANÓW,19.38333333,50.15
96575,JAWISZOWICE,19.13333333,49.96666667
92433,FRĄCA,18.63333333,53.71666667
95244,WALIM,16.45,50.7
96426,GOCZAŁKOWICE-ZDRÓJ,18.98333333,49.93333333
96663,TRZEMEŚNIA,20.01666667,49.8
94926,ŁOMAZY,23.18333333,51.9
95835,FRAMPOL,22.66666667,50.66666667
94704,KURZACZE,21.36666667,51.01666667
94611,CHEŁSTY,20.15,51.21666667
94651,OPOCZNO,20.23333333,51.38333333
94314,TRZEBNICA,17.06666667,51.3
94146,DŁUGIE,15.61666667,51.65
96701,WOJKOWA,21,49.33333333
96627,ZALESIE,20.35,49.61666667
95447,LEŚNICA,18.18333333,50.43333333
95614,POLANOWICE,20.08333333,50.2
95515,OJCÓW,19.83333333,50.2
95517,IWANOWICE,19.98333333,50.21666667
96828,BRZOZÓW,22.01666667,49.7
92304,BIAŁOŚLIWIE,17.08333333,53.08333333
95272,IMBRAMOWICE,16.56666667,50.96666667
95914,MAJDAN WIELKI,23.28333333,50.55
94911,RUDA OPALIN,23.6,51.26666667
3903,BIAŁA PODLASKA,23.08333333,52.03333333
92903,ZABŁUDÓW,23.33333333,53.01666667
92908,GRÓDEK,23.66666667,53.1
92911,FASTY,23.01666667,53.18333333
92913,SUPRAŚL,23.33333333,53.21666667
92920,POPIOŁÓWKA,23.11666667,53.4
92921,SOKÓŁKA,23.5,53.4
92922,KAMIONKA,23.03333333,53.43333333
93906,NURZEC,23.08333333,52.46666667
93907,KLESZCZELE,23.35,52.56666667
93910,BOĆKI,23.03333333,52.65
93913,HAJNÓWKA,23.58333333,52.73333333
93915,NOWOSADY,23.61666667,52.8
93916,KLEJNIKI,23.4,52.83333333
93919,STRABLA,23.1,52.9
94908,DOROHUSK,23.8,51.15
94913,GARBATÓWKA,23.1,51.35
94921,MOSTY,23.28333333,51.65
94925,WISZNICE,23.2,51.78333333
95903,FUTORY,23.05,50.2
95911,JÓZEFÓW,23.05,50.48333333
95917,PRZEWALE,23.61666667,50.61666667
95924,HRUBIESZÓW,23.88333333,50.8
95928,SKIERBIESZÓW,23.36666667,50.85
93815,LIWSKIE MOSTY,22.01666667,52.36666667
96838,HUCISKO JAWORNICKIE,22.35,49.88333333
95808,GRODZISKO DOLNE,22.45,50.16666667
3801,SZEPIETOWO,22.55,52.85
5805,LEŻAJSK,22.41666667,50.25
92804,MĘŻENIN,22.46666667,53.08333333
92809,WIZNA,22.4,53.2
92810,TYKOCIN,22.78333333,53.2
92813,BURZYN,22.45,53.28333333
92826,DĘBOWO,22.93333333,53.61666667
92834,EŁK,22.35,53.83333333
92840,RANTY,22.05,53.93333333
93801,DOMANICE,22.18333333,52.03333333
93823,ŁAZÓW,22.36666667,52.56666667
93832,BRAŃSK,22.81666667,52.75
93838,SURAŻ,22.95,52.95
93839,WIERZBOWO,22.33333333,52.98333333
94818,KRASIENIN,22.46666667,51.36666667
94829,CZEMIERNIKI,22.61666667,51.66666667
95824,RUDNIK,22.25,50.43333333
95832,ZWIERZYNIEC,22.83333333,50.61666667
95839,ZAKLIKÓW,22.1,50.75
96826,RYBOTYCZE,22.65,49.65
96829,TEMESZÓW,22.21666667,49.7
96833,KRASICZYN,22.65,49.78333333
96846,ZARZECZE,22.53333333,49.98333333
96848,TYCZYN,22.03333333,49.96666667
96719,NOWY ŻMIGRÓD,21.51666667,49.6
95715,RADOMYŚL WIELKI,21.3,50.2
94739,GÓRA KALWARIA,21.2,51.98333333
4705,PUŁAWY,21.96666667,51.41666667
5708,CHORZELÓW,21.45,50.35
5709,KOLBUSZOWA,21.8,50.23333333
6704,KROSNO,21.75,49.68333333
93742,MIĄSE,21.45,52.4
93756,ŚLEPIOTY,21.58333333,52.68333333
93762,WĄSEWO,21.66666667,52.86666667
94706,OSÓWKA,21.56666667,51.08333333
94707,GADKA,21,51.13333333
94717,ZWOLEŃ,21.58333333,51.35
94724,DĘBLIN,21.8,51.55
94734,WILGA,21.38333333,51.85
95729,STANY,21.96666667,50.43333333
95740,RAKÓW,21.05,50.68333333
95748,ZAWICHOST,21.86666667,50.8
95751,ANNOPOL,21.83333333,50.88333333
96703,TYLICZ,21.01666667,49.4
96717,BARTNE,21.35,49.55
96720,BESKO,21.96666667,49.6
96722,CIEKLIN,21.38333333,49.65
96729,JASŁO,21.46666667,49.73333333
96732,SZERZYNY,21.25,49.81666667
96737,BRZOSTEK,21.41666667,49.88333333
96738,TUCHÓW,21.05,49.9
96610,BIAŁKA TATRZAŃSKA,20.11666667,49.4
95617,KAZIMIERZA MAŁA,20.53333333,50.26666667
96650,LIPNICA DOLNA,20.53333333,49.86666667
1601,LIDZBARK WARMIŃSKI,20.6,54.13333333
3602,POŚWIĘTNE,20.38333333,52.63333333
4601,SKIERNIEWICE,20.16666667,51.96666667
5609,WIELICZKA,20.05,50
6601,BOCHNIA,20.4,49.98333333
6604,ROŻNÓW,20.68333333,49.76666667
6622,CZORSZTYN-NADZAMCZE,20.33333333,49.43333333
91608,GALINY,20.83333333,54.16666667
91611,PIENIĘŻNO,20.13333333,54.23333333
91617,LELKOWO,20.23333333,54.33333333
92601,DOZINY,20.25,53.01666667
92603,GRUDUSK,20.63333333,53.06666667
92611,CHORZELE,20.9,53.25
92615,RÓG,20.76666667,53.33333333
92618,WIELBARK,20.95,53.4
92622,WAPLEWO,20.31666667,53.5
92624,SZUĆ,20.73333333,53.51666667
92647,KIKITY,20.86666667,53.98333333
93618,SOCHACZEW,20.25,52.23333333
93643,RACIĄŻ,20.13333333,52.78333333
93644,GOŁOTCZYZNA,20.7,52.78333333
93651,STRZEGOWO,20.28333333,52.9
94624,SPAŁA,20.13333333,51.53333333
95615,SKRZESZOWICE,20.15,50.2
95621,WIŚLICA,20.68333333,50.35
95630,KOPERNIA,20.5,50.53333333
95634,KLISZÓW,20.53333333,50.61666667
95644,MAŁOGOSZCZ,20.28333333,50.81666667
96612,SZAFLARY,20.03333333,49.41666667
96628,GRYBÓW,20.95,49.61666667
96651,LUSŁAWICE,20.83333333,49.86666667
96655,WOJNICZ,20.83333333,49.95
96542,PEWEL WIELKA,19.38333333,49.66666667
95564,ZŁOTY POTOK,19.43333333,50.7
92512,BRODNICA N/DRWĘCĄ,19.4,53.25
96538,ZAWOJA I,19.53333333,49.65
96511,RYCERKA GÓRNA,19.01666667,49.41666667
96509,NOWE BYSTRE,19.91666667,49.33333333
3508,TOPOLA-BŁONIE,19.18333333,52.08333333
5505,ZĄBKOWICE,19.28333333,50.36666667
5508,BIERUŃ STARY,19.1,50.08333333
6512,RABKA,19.96666667,49.61666667
92503,OSTROWITE,19.28333333,53.06666667
92504,ŻUROMIN,19.91666667,53.06666667
92506,TOMKOWO,19.21666667,53.15
92518,JABŁONOWO,19.16666667,53.4
92522,BISKUPIEC,19.4,53.48333333
92523,LUBAWA,19.75,53.5
92524,ŁASIN,19.1,53.51666667
92528,IŁAWA,19.55,53.6
92540,GIRGAJNY,19.66666667,53.86666667
92543,DZIERZGOŃ,19.35,53.91666667
93506,WALEWICE,19.68333333,52.1
93511,WAŁY,19.4,52.18333333
93516,STRZELCE,19.4,52.31666667
93520,CHODECZ,19.03333333,52.4
93524,BARUCHOWO,19.23333333,52.5
93527,OPATOWIEC,19.96666667,52.61666667
93530,WŁOCŁAWEK,19.08333333,52.66666667
93535,MOCHOWO,19.56666667,52.76666667
94505,RADOMSKO,19.43333333,51.08333333
94511,SKOTNIKI,19.93333333,51.2
95508,KRZESZOWICE,19.63333333,50.13333333
95521,MACZKI,19.26666667,50.26666667
95529,TRZYCIĄŻ,19.78333333,50.31666667
95549,ZAWIERCIE,19.41666667,50.5
95570,KONIECPOL,19.71666667,50.8
95572,CZARNCA,19.91666667,50.81666667
95574,CIELĘTNIKI,19.58333333,50.9
96507,KOŚCIELISKO-KIRY,19.86666667,49.26666667
96514,PIEKŁO,19,49.51666667
96520,ŻABNICA,19.18333333,49.56666667
96537,KOSZARAWA,19.4,49.65
96545,OSIELEC,19.75,49.68333333
96560,BUDZÓW,19.68333333,49.78333333
96561,STRACONKA,19.11666667,49.8
96564,PORĄBKA,19.21666667,49.81666667
96597,ŻYWIEC,19.21666667,49.68333333
94427,ZDUŃSKA WOLA,18.93333333,51.6
93453,NOWA WIEŚ WIELKA,18.1,52.96666667
93417,DĘBY SZLACHECKIE,18.6,52.3
96403,ISTEBNA-MŁODA GÓRA,18.86666667,49.58333333
92444,STAROGARD GDAŃSKI,18.53333333,53.95
91404,WOLNY DWÓR,18.43333333,54.08333333
2403,GRUDZIĄDZ,18.71666667,53.43333333
3401,CIECHOCINEK,18.8,52.88333333
3402,INOWROCŁAW,18.23333333,52.8
5404,ŚWIERKLANIEC,18.95,50.43333333
5407,SUKOWICE,18.16666667,50.26666667
5408,RYBNIK,18.55,50.1
6403,CIESZYN,18.63333333,49.75
6404,WISŁA,18.86666667,49.65
91429,WEJHEROWO,18.23333333,54.6
91433,JASTARNIA,18.66666667,54.7
91451,ŻELISTRZEWO,18.41666667,54.66666667
92411,UNISŁAW,18.41666667,53.2
92416,WĄBRZEŹNO,18.95,53.28333333
92420,ŚWIECIE,18.45,53.4
92425,SIEROSŁAW,18.3,53.55
93405,DĄBIE,18.81666667,52.08333333
93407,WŁADYSŁAWÓW,18.48333333,52.1
93413,KONIN,18.23333333,52.21666667
93420,BABIAK,18.66666667,52.35
93438,STRZELNO,18.16666667,52.63333333
93440,DOBRE,18.56666667,52.68333333
93441,KOŁODZIEJEWO,18.03333333,52.71666667
93445,LUBANIE,18.91666667,52.75
93446,PAKOŚĆ,18.08333333,52.8
93448,JAKSICE,18.18333333,52.85
93452,CZERNIKOWO,18.95,52.95
94406,ROSZKOWICE,18.26666667,51.11666667
94414,KĘPNO,18,51.28333333
94424,CZARTORYJA,18.5,51.5
94425,KRASZEWICE,18.21666667,51.51666667
94433,WARTA,18.63333333,51.71666667
94437,KOŹMINEK,18.35,51.8
94443,DOBRA,18.63333333,51.93333333
94446,UNIEJÓW,18.8,51.96666667
95423,STANICE,18.51666667,50.2
95437,KOŹLE,18.15,50.35
95469,DRONIOWICE,18.81666667,50.7
95475,KOBYLNO,18.11666667,50.8
95482,KŁOBUCK,18.93333333,50.9
95486,KRZEPICE,18.73333333,50.96666667
96410,USTROŃ-RÓWNICA-WIEŚ,18.85,49.71666667
96420,RUDZICA,18.88333333,49.85
96433,BRENNA,18.86666667,49.75
93310,NOWA WIEŚ PODGÓRNA,17.6,52.15
93348,JANOWIEC WIELKOPOLSKI,17.48333333,52.76666667
94338,KOŹMIN WIELKOPOLSKI,17.45,51.81666667
95327,ROGÓW OPOLSKI,17.95,50.51666667
1303,SŁUPSK,17,54.46666667
1304,CZARNA DĄBRÓWKA,17.56666667,54.35
3303,GNIEZNO,17.56666667,52.55
4304,NAMYSŁÓW,17.73333333,51.08333333
5307,PRUDNIK,17.56666667,50.31666667
5309,GŁUBCZYCE,17.8,50.18333333
91305,SOMINY,17.65,54.03333333
91309,ŁOBZOWO,17.23333333,54.13333333
91311,UGOSZCZ,17.53333333,54.13333333
91323,KRUSZYNA,17.03333333,54.35
91328,BUKOWINA,17.85,54.41666667
91329,MALCZKOWO,17.36666667,54.43333333
91340,SMOŁDZINO,17.21666667,54.66666667
92313,WITOSŁAW,17.48333333,53.25
92319,KORONOWO,17.93333333,53.31666667
92338,TUCHÓŁKA,17.75,53.56666667
92343,CZŁUCHÓW,17.38333333,53.66666667
92347,GWIEŹDZIN,17.2,53.73333333
92358,MILACHOWO,17.6,53.93333333
93301,BACHORZEW,17.56666667,52
93307,ŚREM,17.01666667,52.1
93319,NAGRADOWICE,17.15,52.31666667
93324,KOSTRZYN,17.23333333,52.4
93325,POWIDZ,17.91666667,52.41666667
93344,SZELEJEWO,17.75,52.73333333
93355,BARCIN,17.95,52.86666667
93362,ZALESIE,17.6,52.98333333
94304,WROCŁAW-BISKUPIN,17.1,51.1
94308,RYCHTAL,17.85,51.15
94320,BRZEZIE,17.13333333,51.41666667
94326,MILICZ,17.26666667,51.53333333
94335,SOBÓTKA,17.86666667,51.78333333
94336,SKAŁÓW,17.38333333,51.8
95311,JARNOŁTÓWEK,17.45,50.28333333
95323,KRAPKOWICE,17.95,50.46666667
95332,PRÓSZKÓW,17.88333333,50.6
95346,KUP,17.88333333,50.81666667
95347,BRZEG,17.48333333,50.86666667
95418,BABORÓW,17.98333333,50.15
94204,KĄTY WROCŁAWSKIE,16.76666667,51.03333333
93241,OBORNIKI WIELKOPOLSKIE,16.81666667,52.65
95237,CHEŁMSKO ŚLĄSKIE,16.06666667,50.66666667
1201,DARŁOWO,16.38333333,54.45
2201,POŁCZYN-ZDRÓJ,16.08333333,53.76666667
3205,JEZIORY,16.8,52.26666667
91207,POLANÓW,16.68333333,54.11666667
91218,JEŻYCZKI,16.4,54.33333333
91219,SŁAWNO,16.66666667,54.35
92203,CZŁOPA,16.11666667,53.08333333
92209,WAŁCZ,16.46666667,53.28333333
92220,CZAPLINEK,16.23333333,53.56666667
92224,CZARNE,16.93333333,53.68333333
92256,CHODZIEŻ,16.91666667,53
93243,WRONKI,16.38333333,52.7
93249,RYCZYWÓŁ,16.83333333,52.81666667
94205,JAWOR,16.18333333,51.05
94211,TACZALIN,16.3,51.15
94227,ŻMIGRÓD,16.9,51.46666667
94231,WYDAWY,16.95,51.56666667
95235,UNIEMYŚL,16.05,50.63333333
95249,NIEMCZA,16.85,50.73333333
95255,WAŁBRZYCH,16.31666667,50.76666667
94135,KOŚCIELNA WIEŚ,15.2,51.41666667
92116,POŹRZADŁO WIELKIE,15.91666667,53.38333333
92114,STARGARD SZCZECIŃSKI,15.05,53.33333333
93117,LUTOL SUCHY,15.71666667,52.33333333
92124,DRAWSKO POMORSKIE,15.81666667,53.53333333
93103,KROSNO ODRZAŃSKIE,15.11666667,52.05
94101,GRABISZYCE GÓRNE,15.2,51
3101,GORZYŃ,15.9,52.56666667
3202,KRZYŻ,15.98333333,52.88333333
5101,ŚWIERADÓW-ZDRÓJ,15.33333333,50.9
5102,CIEPLICE ŚLĄSKIE-ZDRÓJ,15.68333333,50.86666667
5103,SZKLARSKA PORĘBA,15.53333333,50.83333333
5105,KARPACZ,15.78333333,50.78333333
91101,TRZEBIATÓW,15.26666667,54.06666667
92108,CHOSZCZNO,15.41666667,53.16666667
93101,LASKI,15.31666667,52.03333333
93112,ZBĄSZYŃ,15.93333333,52.25
93138,DREZDENKO,15.86666667,52.85
93140,ŁUBIANKA,15.2,52.88333333
94118,LUBAŃ,15.3,51.1
94128,WĘGLINIEC,15.2,51.28333333
94133,PRZEJĘSŁAW,15.41666667,51.36666667
94149,STYPUŁÓW,15.55,51.7
95122,CIECHANOWICE,15.98333333,50.86666667
95130,RĘBISZÓW,15.45,50.95
95133,PILCHOWICE,15.65,50.96666667
91001,WRZOSOWO,14.81666667,54.01666667
92011,TURZE,14.88333333,53.2
92021,GOLENIÓW,14.81666667,53.56666667
93004,CYBINKA,14.81666667,52.2
93006,BOCZÓW,14.95,52.31666667
93022,MORYŃ,14.4,52.86666667
93023,MYŚLIBÓRZ,14.86666667,52.91666667
93024,BIELINEK,14.15,52.95
96518,ZUBRZYCA GÓRNA,19.65,49.55
6515,STAŃCOWA,19.55,49.53333333
96512,CHYŻNE,19.71666667,49.41666667
96526,ŚMIETANOWA,19.58333333,49.56666667
95453,STRZELCE OPOLSKIE,18.31666667,50.5
95459,KRUPSKI MŁYN,18.63333333,50.56666667
95491,LIGOTA GÓRNA,18.15,50.48333333
5402,LUBLINIEC,18.7,50.68333333
5450,PŁUŻNICZKA,18.5,50.45
95455,SIEDLEC,18.11666667,50.51666667
95457,TWORÓG,18.71666667,50.53333333
95458,ZIELONA,18.96666667,50.55
95460,BRUSIEK,18.81666667,50.58333333
95461,RASZOWA,18.13333333,50.6
95462,KADŁUB-PIEC,18.28333333,50.6
95463,ZAWADZKIE,18.48333333,50.6
95468,GRODZIEC,18.26666667,50.7
95470,TURAWA,18.1,50.73333333
95471,DOBRODZIEŃ,18.45,50.73333333
94248,KRZEMIENIEWO,16.83333333,51.85
93130,KRZESZYCE,15.01666667,52.58333333
93008,OŚNO LUBUSKIE,14.86666667,52.45
92121,MASZEWO,15.06666667,53.5
92022,STEPNICA,14.63333333,53.65
92051,TRZEBIEŻ,14.53333333,53.66666667
91409,TRĄBKI WIELKIE,18.53333333,54.16666667
91419,BĄKOWO,18.53333333,54.3
91421,KARTUZY,18.2,54.33333333
91425,RĘBISKA,18.33333333,54.45
91453,GORĘCZYNO,18.16666667,54.26666667
91319,KLUKOWA HUTA,17.9,54.25
91353,BORUCINO,17.98333333,54.25
91523,KRYNICA MORSKA,19.45,54.38333333
91550,KUROWO BRANIEWSKIE,19.75,54.23333333
1505,FROMBORK,19.68333333,54.36666667
91512,SŁOBITY,19.75,54.13333333
91516,MYŚLIWIEC,19.71666667,54.23333333
91520,TOLKMICKO,19.53333333,54.31666667
94328,UJAZD,17.43333333,51.63333333
5850,MIROCIN,22.56666667,50.03333333
95901,WIELKIE OCZY,23.16666667,50.03333333
95925,WÓLKA NIELISKA,23.1,50.8
91903,POMORZE,23.36666667,54.06666667
92916,SZUDZIAŁOWO,23.65,53.3
92923,JANÓW,23.23333333,53.46666667
93902,MICHAŁKI,23.31666667,52.1
93918,NAREWKA,23.75,52.86666667
94907,CHEŁM,23.5,51.15
95909,SKWARKI,23.23333333,50.41666667
95910,TARNOSZYN,23.8,50.41666667
95915,POTURZYN,23.93333333,50.56666667
95829,STALOWA WOLA,22.03333333,50.6
96811,TELEŚNICA OSZWAROWA,22.53333333,49.38333333
91813,BANIE MAZURSKIE,22.03333333,54.25
92814,KRYPNO KOŚCIELNE,22.88333333,53.28333333
95812,STARY DZIKÓW,22.93333333,50.25
1801,GOŁDAP,22.31666667,54.31666667
6803,BIRCZA,22.48333333,49.68333333
6812,TERKA,22.43333333,49.3
91801,GIŻE,22.4,54
91816,DUBENINKI,22.58333333,54.28333333
92817,STAWISKI,22.16666667,53.4
92818,MOŃKI,22.8,53.4
92820,LACHOWO,22.01666667,53.46666667
92829,PROSTKI,22.43333333,53.7
92844,RACZKI,22.78333333,53.98333333
93809,MORDY,22.51666667,52.21666667
93826,GRODZISK,22.73333333,52.58333333
94827,KOCK,22.45,51.63333333
94840,JEDLANKA,22.1,51.93333333
95802,LASZKI,22.9,50.03333333
95813,CIEPLICE,22.6,50.26666667
95817,OBSZA,22.96666667,50.31666667
95819,SARZYNA,22.33333333,50.35
95825,ZWOLAKI,22.33333333,50.5
96805,CISNA,22.33333333,49.21666667
96807,LUTOWISKA,22.7,49.25
96812,SZCZAWNE,22.15,49.4
96813,MYCZKOWCE,22.41666667,49.43333333
96817,NOWOTANIEC,22.03333333,49.5
96844,HUSÓW,22.3,49.98333333
96730,WOLA KOMBORSKA,21.9,49.73333333
93711,WARSZAWA KABATY,21.06666667,52.13333333
94703,BRODY IŁŻECKIE,21.2,51.01666667
92725,SZEROKI BÓR,21.65,53.61666667
6708,BARWINEK,21.68333333,49.43333333
91703,SĄTOPY-SAMULEWO,21.05,54.06666667
91704,PRZERWANKI,21.91666667,54.13333333
91706,PNIEWO,21.65,54.16666667
91707,GŁOWBITY,21.1,54.18333333
91709,WĘGORZEWO,21.76666667,54.21666667
92703,KURPIE,21.76666667,53.05
92709,NOWOGRÓD,21.86666667,53.23333333
92719,ROZOGI,21.36666667,53.48333333
92721,TUROŚL,21.6,53.51666667
92722,TUROWO,21.9,53.53333333
92724,RACIBÓR,21.26666667,53.6
92736,MŁYNOWO,21.33333333,53.88333333
92737,SZYMONKA,21.66666667,53.88333333
93702,ORZESZYN,21.08333333,52.03333333
93708,SIENNICA,21.61666667,52.08333333
93730,SULEJÓWEK,21.3,52.25
93732,WARSZAWA-KAWĘCZYN,21.13333333,52.26666667
93734,STANISŁAWÓW,21.55,52.28333333
93739,WOŁOMIN,21.23333333,52.35
93747,LASKI,21.73333333,52.51666667
93769,SEROCZYN,21.91666667,52.01666667
94709,IŁŻA,21.23333333,51.16666667
94714,CIEPIELÓW,21.6,51.26666667
94723,BARTODZIEJE,21.2,51.53333333
94732,BOGLEWICE,21,51.8
95708,MIŁOCIN,21.98333333,50.08333333
95736,GRĘBÓW,21.88333333,50.56666667
96707,JAŚLISKA,21.81666667,49.45
96710,TYLAWA,21.7,49.46666667
96736,JODŁOWA,21.31666667,49.88333333
96739,BRZEZINY,21.55,49.93333333
96740,PSTRĄGOWA,21.76666667,49.93333333
96611,ŁAPSZE NIŻNE,20.25,49.4
91614,GÓROWO IŁAWECKIE,20.5,54.3
96620,OCHOTNICA GÓRNA,20.23333333,49.53333333
96621,OCHOTNICA DOLNA,20.33333333,49.53333333
6618,KROŚCIENKO,20.43333333,49.45
91616,JUDYTY,20.9,54.31666667
92616,SŁAWKOWO,20.16666667,53.36666667
92634,PAJTUNY,20.7,53.71666667
92646,STUDNICA,20.65,53.98333333
93619,ZIELONKI,20.81666667,52.25
93627,IŁÓW,20.03333333,52.33333333
93631,GRÓDKOWO,20.2,52.43333333
93652,KRASNE,20.96666667,52.91666667
94609,MROCZKÓW,20.71666667,51.15
94622,ODRZYWÓŁ,20.56666667,51.51666667
94633,SADKOWICE,20.51666667,51.73333333
94643,MSZCZONÓW,20.53333333,51.98333333
94644,DROZDY,20.81666667,51.98333333
95606,PRUSY,20.08333333,50.11666667
95624,CHROBERZ,20.6,50.43333333
95629,STRZESZKOWICE,20.3,50.53333333
95642,KONIECZNO,20.05,50.8
95647,RYKOSZYN,20.4,50.86666667
96625,NIEDŹWIEDŹ,20.08333333,49.61666667
96638,ŚWIDNIK,20.63333333,49.71666667
96567,KALWARIA ZEBRZYDOWSKA,19.7,49.86666667
94523,LUTOSŁAWICE RZĄDOWE,19.56666667,51.51666667
94503,WĄSOSZ GÓRNY,19,51.06666667
95511,NOWA GÓRA,19.6,50.16666667
95571,ŚWIĘTA ANNA,19.53333333,50.81666667
91507,PASŁĘK,19.66666667,54.06666667
91521,STEGNA,19.11666667,54.33333333
92502,SKRWILNO,19.63333333,53.01666667
92514,BRZOZIE,19.61666667,53.33333333
92517,KOSTKOWO,19.91666667,53.36666667
92537,JAŚKOWO,19.73333333,53.81666667
93514,ŻYCHLIN,19.63333333,52.25
93525,OLGANOWO,19,52.53333333
94516,SZCZERCÓW,19.11666667,51.33333333
94521,ŻARNOWICA,19.86666667,51.46666667
94530,ŁASK,19.13333333,51.6
94542,WILANÓW,19.53333333,51.81666667
94547,BRATOSZEWICE,19.65,51.93333333
94550,ŁYSZKOWICE,19.91666667,51.98333333
94555,BEŁCHATÓW,19.36666667,51.4
95505,KRAKÓW-BIELANY-KLASZTOR,19.85,50.05
95506,ALWERNIA,19.53333333,50.05
95509,UJAZD,19.81666667,50.13333333
95512,DZIEĆKOWICE,19.21666667,50.18333333
95522,BOLESŁAW,19.46666667,50.26666667
95536,WOLBROM,19.75,50.38333333
95541,RYCZÓW,19.6,50.41666667
95546,PIWOŃ,19.25,50.48333333
95561,HUTKI,19,50.68333333
95562,PORAJ,19.21666667,50.68333333
96548,ŁODYGOWICE,19.15,49.71666667
96572,GIERAŁTOWICE,19.38333333,49.93333333
92438,CZARNA WODA,18.1,53.83333333
96428,WISŁA WIELKA,18.85,49.95
95441,UJAZD ŚLĄSKI,18.35,50.38333333
95483,KARMONKI NOWE,18.58333333,50.91666667
92418,NOWY JASINIEC,18.03333333,53.35
92441,LEŚNA HUTA,18.1,53.88333333
6408,ISTEBNA-KUBALONKA,18.9,49.6
91401,MIŁORADZ,18.91666667,54.01666667
91423,MIRACHOWO,18.03333333,54.4
91426,TĘPCZ,18.03333333,54.5
91452,LISEWO,18.83333333,54.1
92423,KALISKA,18.41666667,53.5
92426,RULEWO,18.61666667,53.55
92427,OSIE,18.35,53.6
92437,OCYPEL,18.33333333,53.81666667
93425,SOMPOLNO,18.51666667,52.38333333
93437,GĘBICE,18.03333333,52.6
93444,SOBIESIERNIE,18.45,52.75
94401,JASTRZYGOWICE,18.33333333,51
94410,SIEMKOWICE,18.95,51.21666667
94421,ZŁOCZEW,18.61666667,51.41666667
94422,WIDAWA,18.95,51.43333333
94444,ZBIERSK,18.15,51.95
95407,ŻORY,18.7,50.05
95414,ADAMOWICE,18.33333333,50.13333333
95416,ORZESZE,18.76666667,50.13333333
95429,MAKOSZOWY,18.76666667,50.26666667
95430,URBANOWICE,18.03333333,50.3
95435,LIPINY,18.9,50.31666667
95436,ŁABĘDY,18.61666667,50.33333333
95442,TACISZÓW,18.53333333,50.38333333
95450,TOSZEK,18.51666667,50.46666667
95477,SZUMIRAD,18.25,50.83333333
95479,DĘBINIEC,18.08333333,50.86666667
95484,BĄKÓW,18.31666667,50.96666667
96418,KACZYCE,18.61666667,49.83333333
96424,CHAŁUPKI,18.31666667,49.93333333
92360,BOROWY MŁYN,17.31666667,53.96666667
91308,KARPNO,17.8,54.11666667
91310,NIEZABYSZEWO,17.43333333,54.13333333
92301,SZAMOCIN,17.11666667,53.03333333
92305,SAMOKLĘSKI,17.7,53.08333333
92308,NIEŻYCHOWO,17.15,53.15
92309,WYRZYSK,17.26666667,53.15
92312,WYSOKA,17.08333333,53.18333333
92315,WIELE,17.55,53.28333333
92316,KRAJENKA,17,53.3
92335,PŁAZOWO,17.95,53.53333333
92336,ROZWORY,17.1,53.55
92345,ZAPĘDOWO,17.85,53.7
92354,KOSOBUDY,17.76666667,53.88333333
92355,RÓŻKI-DĘBIE,17.15,53.9
93308,ŁOMÓW,17.85,52.11666667
93327,CZERNIEJEWO,17.5,52.43333333
93330,POBIEDZISKA,17.28333333,52.48333333
93343,SKOKI,17.15,52.66666667
93353,SŁĘBOWO,17.6,52.85
93357,GOŁAŃCZ,17.3,52.95
94306,BIERUTÓW,17.55,51.13333333
94319,MIĘDZYBÓRZ,17.66666667,51.4
94331,KROTOSZYN,17.43333333,51.7
94339,TRZEBOWA,17.66666667,51.81666667
95302,TURKÓW,17.86666667,50.01666667
95307,PIELGRZYMÓW,17.68333333,50.18333333
95321,ZIELINA,17.8,50.45
95333,ZIĘBICE,17.05,50.61666667
95334,WITOSTOWICE,17.05,50.68333333
92234,SĘPOLNO WIELKIE,16.78333333,53.95
94246,STARE STRĄCZE,16.16666667,51.85
94209,BUDZISZÓW MAŁY,16.46666667,51.1
94242,STARE DRZEWCE,16.21666667,51.76666667
94219,BRZEG DOLNY,16.71666667,51.26666667
94235,WIERZA (WIEWIERZ),16.71666667,51.63333333
91202,GRZYBNICA,16.45,54.05
91211,SIERAKOWO,16.51666667,54.21666667
92201,TRZCIANKA,16.46666667,53.03333333
92206,GOSTOMIA,16.43333333,53.18333333
92211,KARSIBÓR,16.4,53.36666667
92214,JASTROWIE,16.81666667,53.43333333
92222,SILNOWO,16.5,53.63333333
92223,KLUCZEWO,16.18333333,53.65
92226,BARWICE,16.35,53.75
92228,POWOJEWO,16.91666667,53.78333333
92231,WIELANOWO,16.31666667,53.86666667
93212,WOLSZTYN,16.11666667,52.11666667
93236,ZĘBOWO,16.08333333,52.46666667
93237,ZŁOTNIKI,16.83333333,52.48333333
93242,TUCHOLA,16.15,52.66666667
93248,MIŁKOWO,16.51666667,52.81666667
93254,PODANIN,16.96666667,52.95
94216,MALCZYCE,16.5,51.21666667
94226,ŚCINAWA,16.41666667,51.41666667
94234,OSETNO,16.46666667,51.63333333
94238,GÓRA,16.55,51.66666667
94244,JANISZEWO,16.76666667,51.76666667
95201,NIEMOJÓW,16.58333333,50.15
95222,PASTERKA,16.33333333,50.48333333
95247,JEDLINA-ZDRÓJ,16.35,50.73333333
95248,DZIERŻONIÓW,16.65,50.73333333
95261,GOSTKÓW,16.1,50.85
95267,BOLKÓW,16.13333333,50.91666667
95271,STRZEGOM,16.35,50.96666667
93139,STRZELCE KRAJEŃSKIE,15.53333333,52.86666667
94154,NOWOGRÓD BOBRZAŃSKI,15.25,51.8
5106,PAPROTKI,15.95,50.73333333
91105,MIECHĘCINO,15.75,54.11666667
92104,KAMIENNA,15.93333333,53.03333333
92113,SUCHAŃ,15.31666667,53.28333333
92115,SULIBOREK,15.55,53.3
92119,LISOWO,15.3,53.43333333
92120,IŃSKO,15.55,53.43333333
92128,OSTROWICE,15.96666667,53.63333333
92130,NOWOGARD,15.11666667,53.66666667
92132,PORADZ,15.6,53.7
92136,PŁOTY,15.26666667,53.8
92142,WITNO,15.06666667,53.95
93104,KARGOWA,15.86666667,52.08333333
93105,SULECHÓW,15.61666667,52.1
93110,GRYŻYNA,15.28333333,52.18333333
93115,ŻELECHÓW,15.35,52.31666667
93123,MIĘDZYRZECZ,15.61666667,52.45
93128,LUBIKOWO,15.7,52.55
93136,GOŚCIM,15.7,52.76666667
94105,ŚWIERZAWA,15.9,51.01666667
94108,LEŚNA,15.26666667,51.03333333
94111,SOKOŁOWIEC,15.83333333,51.03333333
94116,TWARDOCICE,15.75,51.1
94121,ZŁOTORYJA,15.93333333,51.11666667
94124,IWINY,15.7,51.2
94125,ZAGRODNO,15.86666667,51.2
94137,ŁOZY,15.36666667,51.48333333
94139,IŁOWA,15.2,51.5
94142,BUCZYNA,15.9,51.55
94145,GAWORZYCE,15.88333333,51.63333333
94159,LUBIĘCIN,15.85,51.9
95102,BUKÓWKA,15.96666667,50.71666667
95104,PACZYN,15.91666667,50.73333333
95119,MYSŁAKOWICE,15.78333333,50.85
95125,KACZORÓW,15.96666667,50.91666667
95126,GIERCZYN,15.4,50.93333333
95129,POBIEDNA,15.3,50.95
95136,WOJCIESZÓW,15.91666667,50.98333333
93010,KOSTRZYN NAD ODRĄ,14.66666667,52.58333333
92006,WIDUCHOWA,14.4,53.11666667
92014,GRYFINO,14.48333333,53.25
92015,BINOWO,14.65,53.3
92026,KARTLEWO,14.8,53.8
92028,WOLIN,14.6,53.83333333
93013,WITNICA,14.9,52.66666667
93015,GOZDOWICE,14.31666667,52.76666667
93020,WARNICE,14.68333333,52.85
92953,SOCHONIE,23.16666667,53.21666667
92751,ZARUZIE,21.8,53.13333333
,,,
,,,
,,,
,,,
,,,
,,,
,,,
,,,
,,,
,,,
,,,
,,,
,,,
